Province_State,Country_Region,Confirmed,Deaths,Recovered,Active,Incident_Rate,Case_Fatality_Ratio
Abruzzo,Italy,65237,2136,52969.0,10132.0,4973.924579514784,3.2742155525238745
Acre,Brazil,69657,1262,54045.0,14350.0,7898.201114594613,1.811734642605912
Adygea Republic,Russia,14101,163,13365.0,573.0,3110.2219791078487,1.1559463867810793
Aichi,Japan,27394,583,25985.0,826.0,362.726868151286,2.1282032561874864
Akita,Japan,283,6,271.0,6.0,29.281213463150163,2.120141342756184
Alabama,United States,515388,10554,371901.5013038651,132932.4986961349,10575.04131256362,2.472641841280754
Alagoas,Brazil,153490,3554,144928.0,5008.0,4599.148368004981,2.315460290572676
Alaska,United States,62625,313,45492.24776860826,16819.752231391743,6316.025739916579,0.3869106022782209
Alberta,Canada,148332,1990,137992.0,8350.0,3338.6459545713487,1.3415850928997115
Altai Krai,Russia,47137,1832,42198.0,3107.0,2005.7615059912853,3.8865434796444407
Altai Republic,Russia,16655,191,16268.0,196.0,7637.701031353325,1.1468027619333534
Amapa,Brazil,97542,1302,72132.0,24108.0,11533.454490848744,1.3348096204711817
Amazonas,Brazil,349123,12015,298476.0,38632.0,8423.569287918705,3.4414805097343915
Amazonas,Colombia,5858,219,5595.0,44.0,7648.617947747066,3.7384772960054624
Amazonas,Peru,23141,788,0.0,22353.0,5421.977507029053,3.4052115293202543
Amur Oblast,Russia,21887,243,20674.0,970.0,2741.27531236536,1.1102480924749851
Andalusia,Spain,505796,9206,10671.0,485919.0,6001.800079621188,1.8201013847480008
Andaman and Nicobar Islands,India,5083,62,4976.0,45.0,1218.839620560335,1.21975211489278
Andhra Pradesh,India,901989,7217,887434.0,7338.0,1673.3436427647514,0.8001206223135758
Anguilla,United Kingdom,25,0,21.0,4.0,166.6444474070124,0.0
Anhui,China,994,6,988.0,0.0,1.6287826941871515,0.6036217303822937
Antioquia,Colombia,374623,7016,354364.0,13243.0,5846.996036585651,1.8728161378238923
Antofagasta,Chile,43243,867,41196.0,1180.0,7117.790938449535,2.0049487778368755
Antwerp,Belgium,112081,0,0.0,112081.0,5994.5018799505815,0.0
Aomori,Japan,1031,20,870.0,141.0,82.72015314862108,1.939864209505335
Aragon,Spain,110894,3344,3772.0,103778.0,8397.332699271385,3.015492271899291
Arauca,Colombia,5751,173,5450.0,128.0,2193.5813619962314,3.008172491740567
Araucania,Chile,54915,671,51266.0,2978.0,5736.90170743734,1.221888372939998
Arica y Parinacota,Chile,17399,350,16499.0,550.0,7696.356848381903,2.011609862635784
Arizona,United States,841811,16967,607646.715438115,217197.28456188508,11954.319909153844,2.4642835993377803
Arkansas,United States,327607,5626,237197.2119376266,84783.7880623734,11034.658345119582,2.047670020520547
Arkhangelsk Oblast,Russia,59687,825,55265.0,3597.0,5167.580353030403,1.3822105316065474
Aruba,Netherlands,9443,86,8684.0,673.0,8844.575988610606,0.9107275230329344
Arunachal Pradesh,India,16845,56,16785.0,4.0,1072.6170327382204,0.3324428613831998
Assam,India,218412,1105,215445.0,1862.0,613.3955704657161,0.5059245828983755
Astrakhan Oblast,Russia,30712,668,28814.0,1230.0,3018.336848436484,2.1750455847877053
Asturias,Spain,47263,1891,1063.0,44309.0,4623.632245978058,4.001015593593297
Atacama,Chile,14282,170,13602.0,510.0,4942.826291599757,1.1903094804649208
Atlantico,Colombia,151635,4494,137149.0,9992.0,5980.437125840607,2.9636957166880995
Australian Capital Territory,Australia,123,3,120.0,0.0,28.73160476524177,2.4390243902439024
Aysen,Chile,3531,28,3386.0,117.0,3422.9046705054384,0.7929764939110734
Azad Jammu and Kashmir,Pakistan,12805,355,10945.0,1505.0,316.53501809230613,2.772354549004296
Baden-Wurttemberg,Germany,365009,8704,329300.0,27005.0,3287.4681292326795,2.38459873592158
Bahia,Brazil,803664,15330,769689.0,18645.0,5403.486463851698,1.9075135877680225
Baja California Sur,Mexico,28334,1271,0.0,27063.0,3521.0287458307857,4.485776805251641
Baleares,Spain,57676,777,1533.0,55366.0,4853.983269091583,1.3471808031070116
Balochistan,Pakistan,19576,208,19106.0,262.0,158.58192632647916,1.0625255414793624
Bashkortostan Republic,Russia,32358,361,27452.0,4545.0,796.3491680270165,1.1156437357067803
Basilicata,Italy,19458,443,14241.0,4774.0,3456.932252442398,2.27669853016754
Bayern,Germany,500549,13264,451300.0,35985.0,3809.300068347602,2.6498904203184903
Beijing,China,1049,9,1037.0,3.0,4.791465071521409,0.8579599618684461
Belgorod Oblast,Russia,34282,562,32032.0,1688.0,2211.9188889949905,1.639344262295082
Berlin,Germany,146268,3055,134400.0,8813.0,3991.934691524876,2.088631826510241
Bermuda,United Kingdom,1217,12,729.0,476.0,1954.2980103736768,0.9860312243221035
Bihar,India,265527,1576,262371.0,1580.0,212.76214538781056,0.5935366271603264
Biobio,Chile,95470,1557,89123.0,4790.0,6132.431486281198,1.6308788100974128
Blekinge,Sweden,8956,120,0.0,8836.0,5611.317870255504,1.339883876730683
Bolivar,Colombia,69563,1409,67543.0,611.0,3360.3528314920463,2.025502062878254
"Bonaire, Sint Eustatius and Saba",Netherlands,196,3,180.0,13.0,747.492467869265,1.530612244897959
Boyaca,Colombia,48119,1154,46147.0,818.0,3952.681833714481,2.3982210769134853
Brandenburg,Germany,88464,3306,78140.0,7018.0,3495.121235239944,3.737113402061856
Bremen,Germany,20979,407,19040.0,1532.0,3084.5573640333464,1.9400352733686064
British Columbia,Canada,100048,1458,91066.0,7524.0,1918.53770179326,1.457300495762034
British Virgin Islands,United Kingdom,153,1,131.0,21.0,506.0025796209941,0.6535947712418301
Brussels,Belgium,109550,0,0.0,109550.0,8992.37023447472,0.0
Bryansk Oblast,Russia,35646,284,34786.0,576.0,2943.5615062816787,0.7967233350165517
Buryatia Republic,Russia,36006,785,34392.0,829.0,3657.2471003371215,2.180192190190524
C. Valenciana,Spain,385658,7112,9970.0,368576.0,7751.967901709539,1.8441209569100083
Calabria,Italy,46958,819,35814.0,10325.0,2411.6507826129828,1.74411175944461
Caldas,Colombia,49624,1015,47206.0,1403.0,4971.074525046206,2.0453812671288087
California,United States,3730942,58125,2705693.6662632823,967123.3337367176,7786.372067458499,1.1810144237562659
Campania,Italy,337289,5363,238809.0,93117.0,5813.631609537356,1.5900311009253192
Canarias,Spain,46880,676,1537.0,44667.0,2124.245718317224,1.4419795221843004
Cantabria,Spain,26077,542,2287.0,23248.0,4483.349695086832,2.0784599455458834
Capital District,Colombia,687382,14409,660006.0,12967.0,9273.19905144858,2.0962143320599025
Caqueta,Colombia,17185,649,16328.0,208.0,4280.316521747794,3.776549316264184
Casanare,Colombia,13044,305,12466.0,273.0,3101.991895439758,2.338239803741184
Castilla - La Mancha,Spain,175803,5757,6392.0,163654.0,8639.490249287795,3.274688145253494
Castilla y Leon,Spain,212625,6626,8716.0,197283.0,8830.921036510277,3.116284538506761
Catalonia,Spain,536235,13335,26203.0,496697.0,7087.026895507274,2.486782847072645
Cauca,Colombia,28124,775,26847.0,502.0,1920.3981186599003,2.755653534347888
Cayman Islands,United Kingdom,500,2,476.0,22.0,760.8034083992696,0.4
Ceara,Brazil,539569,14149,380789.0,143488.0,5894.61675644908,2.6052338747280794
Cesar,Colombia,43133,1239,41115.0,779.0,3592.69815938043,2.872510606728027
Ceuta,Spain,5121,95,163.0,4863.0,6036.85060533544,1.85510642452646
Chandigarh,India,26999,379,23702.0,2918.0,2330.567911379894,1.4037556946553575
Channel Islands,United Kingdom,4049,86,3956.0,7.0,2374.793987061508,2.123981229933317
Chechen Republic,Russia,11657,116,11328.0,213.0,811.2146228794953,0.9951102341940464
Chelyabinsk Oblast,Russia,55396,1222,50488.0,3686.0,1585.898341729086,2.205935446602642
Cherkasy Oblast,Ukraine,57393,759,49607.0,7027.0,4757.570557822724,1.3224609272907846
Chernihiv Oblast,Ukraine,41884,862,33677.0,7345.0,4164.475090604477,2.05806513227008
Chernivtsi Oblast,Ukraine,69844,1360,49629.0,18855.0,7722.9110965153795,1.94719660958708
Chhattisgarh,India,349187,4170,319488.0,25529.0,1186.2490140126974,1.194202533313096
Chiba,Japan,29698,568,27828.0,1302.0,474.4557849321227,1.9125867061755
Choco,Colombia,6706,204,6406.0,96.0,1253.865743251076,3.0420518938264243
Chongqing,China,591,6,585.0,0.0,1.8437545031207965,1.015228426395939
Chukotka Autonomous Okrug,Russia,733,5,691.0,37.0,1485.369214557834,0.6821282401091405
Ciudad de Mexico,Mexico,608872,30534,0.0,578338.0,6751.258088105253,5.014847127146592
Colorado,United States,462024,6107,335865.2879361419,120051.71206385808,8365.7409688725,1.3839558160510255
Connecticut,United States,309535,7878,222224.91190930095,79432.08809069905,7955.352433098626,2.397041231281423
Cook Islands,New Zealand,0,0,0.0,0.0,0.0,0.0
Coquimbo,Chile,26875,508,25259.0,1108.0,3547.4520384484404,1.890232558139535
Cordoba,Colombia,43023,2010,39770.0,1243.0,2410.545147505327,4.671919670873718
Crimea Republic*,Ukraine,37633,1069,35253.0,1311.0,1966.47282193788,2.840592033587543
Cundinamarca,Colombia,110923,3066,106522.0,1335.0,3799.956150267552,2.764079586740352
Curacao,Netherlands,8404,35,5267.0,3102.0,5121.267519804997,0.4164683484055211
Dadra and Nagar Haveli and Daman and Diu,India,3661,2,3482.0,177.0,594.5845866004898,0.0546298825457525
Dagestan Republic,Russia,31050,1410,28719.0,921.0,1013.4192373408272,4.541062801932367
Dalarna,Sweden,18657,310,0.0,18347.0,6478.8898689428615,1.6615747440638902
Delaware,United States,94598,1559,68540.04242941305,24498.957570586954,9542.579826120384,1.8051135707356185
Delhi,India,662430,11027,642565.0,8838.0,3540.3386321636103,1.6646287154869193
District of Columbia,United States,44513,1064,32008.042901531266,11440.957098468734,6307.199868508493,2.3903129422865232
Distrito Federal,Brazil,344364,6029,321374.0,16961.0,11420.676371055575,1.7507637267542484
Dnipropetrovsk Oblast,Ukraine,91122,2357,74436.0,14329.0,2841.8104979390155,2.586642084238713
Donetsk Oblast,Ukraine,59206,1269,47347.0,10590.0,1421.205160660323,2.1433638482586224
Drenthe,Netherlands,26720,324,0.0,26396.0,5412.390972326315,1.2125748502994012
East Flanders,Belgium,99902,0,0.0,99902.0,6549.855597916414,0.0
Ehime,Japan,1367,24,1053.0,290.0,102.07472287870132,1.7556693489392832
Emilia-Romagna,Italy,335820,11917,251468.0,72435.0,7530.479471023172,3.548627240783753
England,United Kingdom,3800722,111489,0.0,3689233.0,6789.767976962049,2.933363713526009
Espirito Santo,Brazil,382480,7500,351496.0,23152.0,9509.113757107489,1.960024912466177
Extremadura,Spain,71103,1757,2652.0,66694.0,6673.681088468065,2.4710631056354866
Falkland Islands (Malvinas),United Kingdom,54,0,54.0,0.0,1550.3875968992247,0.0
Faroe Islands,Denmark,661,1,660.0,0.0,1352.7064360994575,0.151285930408472
Flemish Brabant,Belgium,68073,0,0.0,68073.0,5889.467687220496,0.0
Flevoland,Netherlands,29124,225,0.0,28899.0,6884.764586155297,0.7725587144622992
Florida,United States,2054174,33425,1488646.9351475616,532102.0648524384,9446.799994823981,1.9724072983715233
French Guiana,France,16922,89,9995.0,6838.0,5665.557348618263,0.5259425599810897
French Polynesia,France,18627,141,4842.0,13644.0,6631.091048899268,0.7569656949589306
Friesland,Netherlands,32749,445,0.0,32304.0,5038.641017790408,1.358820116644783
Friuli Venezia Giulia,Italy,97490,3307,78986.0,15197.0,8022.415694277579,3.3921427838752694
Fujian,China,561,1,550.0,10.0,1.3505027408946626,0.17825311942959
Fukui,Japan,589,25,526.0,38.0,76.69900004818103,4.244482173174872
Fukuoka,Japan,19014,332,18255.0,427.0,372.5547786214611,1.7460818344377826
Fukushima,Japan,2499,113,2110.0,276.0,135.4090637918114,4.521808723489396
Galicia,Spain,116522,2327,9204.0,104991.0,4314.924858569397,1.997047767803505
Gansu,China,193,2,186.0,5.0,0.7713881041003035,1.0362694300518134
Gavleborg,Sweden,27932,523,0.0,27409.0,9719.467468387023,1.8724044107117288
Gelderland,Netherlands,140927,1894,0.0,139033.0,6756.003973245789,1.3439582195037147
Georgia,United States,1022136,18154,739614.2357330471,264367.76426695293,9939.961292090451,2.458982832611052
Gibraltar,United Kingdom,4274,94,4168.0,12.0,12685.880502211274,2.199344875994385
Gifu,Japan,4841,125,4690.0,26.0,243.68426854701053,2.58211113406321
Gilgit-Baltistan,Pakistan,5033,103,4867.0,63.0,496.5547996022037,2.046493145241407
Goa,India,58039,830,55653.0,1556.0,3658.881008668243,1.430072882027602
Goias,Brazil,486405,11711,460845.0,11866.0,6900.60660946997,2.3947521107392182
Gotland,Sweden,3027,46,0.0,2981.0,5071.541064906343,1.5196564255037992
Greenland,Denmark,31,0,31.0,0.0,54.604382442048895,0.0
Groningen,Netherlands,30730,229,0.0,30501.0,5245.226724199732,0.7452001301659616
Guadeloupe,France,11512,173,2242.0,9097.0,2877.086525028304,1.5027797081306462
Guainia,Colombia,1335,22,1308.0,5.0,2774.6601820675896,1.647940074906367
Guam,United States,7807,134,5652.551570426233,2020.4484295737666,4753.728026109883,1.7164083514794417
Guangdong,China,2282,8,2235.0,39.0,1.8109313115023264,0.35056967572305
Guangxi,China,267,2,265.0,0.0,0.5326491591205376,0.7490636704119851
Guaviare,Colombia,2299,40,2251.0,8.0,2777.6770935276136,1.739886907351022
Guizhou,China,147,2,145.0,0.0,0.3812028313360552,1.3605442176870748
Gujarat,India,307698,4519,290569.0,12610.0,481.7385988586401,1.4686478300151449
Gunma,Japan,5007,99,4710.0,198.0,257.76645648601567,1.977231875374476
Hainan,China,171,6,165.0,0.0,1.696221255497344,3.508771929824561
Hainaut,Belgium,131194,0,0.0,131194.0,9740.874936889311,0.0
Halland,Sweden,31823,290,0.0,31533.0,9532.182310512568,0.9112905759984916
Hamburg,Germany,61268,1382,53370.0,6516.0,3307.353717561018,2.255663641705295
Haryana,India,290800,3155,277919.0,9726.0,1031.0341272296114,1.0849381017881703
Hawaii,United States,29779,460,21598.74358051958,7720.256419480423,1519.5624391753115,1.322654537891664
Hebei,China,1317,7,1310.0,0.0,1.7651733706508228,0.5315110098709187
Heilongjiang,China,1610,13,1597.0,0.0,5.054931088416459,0.8074534161490683
Henan,China,1311,22,1283.0,6.0,1.3193711593253994,1.6781083142639206
Hessen,Germany,219484,6338,194800.0,18346.0,3487.662942937675,2.887682017823623
Himachal Pradesh,India,63605,1048,59584.0,2973.0,853.5344080848582,1.6476692083955664
Hiroshima,Japan,5172,106,4961.0,105.0,184.4391420370397,2.0494972931167825
Hokkaido,Japan,20994,749,19413.0,832.0,399.88198205388176,3.5676860055253883
Hong Kong,China,11467,205,11095.0,167.0,152.95475996493525,1.7877387285253337
Huila,Colombia,50915,1791,48765.0,359.0,4627.012702815194,3.5176274182460965
Hunan,China,1042,4,1033.0,5.0,1.5682175224258117,0.3838771593090211
Hyogo,Japan,20058,591,18014.0,1453.0,366.94663010250287,2.946455279688902
Ibaraki,Japan,6740,127,6264.0,349.0,235.63904154344272,1.8842729970326408
Idaho,United States,180536,1962,131552.03233901918,47021.96766098082,8883.50902018242,1.2192811896196512
Illinois,United States,1244498,21301,901105.7113633073,322091.2886366927,10584.064321207843,1.7357985843893056
Indiana,United States,686497,12633,496422.6523463708,177441.3476536292,10027.722456179134,2.0279975342524774
Ingushetia Republic,Russia,15120,181,13403.0,1536.0,3098.08766850462,1.197089947089947
Inner Mongolia,China,375,1,368.0,6.0,1.559306345690732,0.2666666666666666
Iowa,United States,350384,5743,253890.39825143586,90750.60174856414,11192.184683911457,2.1692778956196928
Irkutsk Oblast,Russia,61581,2010,58655.0,916.0,2561.3978899382123,3.2639937643104204
Ishikawa,Japan,1911,64,1824.0,23.0,167.97799672834063,3.349031920460492
Islamabad,Pakistan,58557,572,47584.0,10401.0,2918.260595682587,0.976825998599655
Isle of Man,United Kingdom,1569,29,1247.0,293.0,1845.187694044595,1.8483110261312936
Ivano-Frankivsk Oblast,Ukraine,79225,1699,62236.0,15290.0,5769.152347857495,2.144525086778164
Ivanovo Oblast,Russia,32556,1039,31025.0,492.0,3208.606745603885,3.191424007863374
Iwate,Japan,621,30,550.0,41.0,50.61883770671397,4.830917874396135
Jammu and Kashmir,India,130960,1994,126435.0,2531.0,962.4938998935788,1.5226023213194868
Jamtland Harjedalen,Sweden,8519,118,0.0,8401.0,6512.499044415565,1.385139100833431
Jewish Autonomous Okrug,Russia,4431,125,4230.0,76.0,2734.948831582456,2.8210336267208307
Jharkhand,India,124201,1113,120263.0,2825.0,321.8147052486053,0.8961280504987883
Jiangsu,China,710,0,704.0,6.0,0.8377777244956389,0.0
Jiangxi,China,937,1,934.0,2.0,2.073530213957558,0.1067235859124866
Jilin,China,573,3,570.0,0.0,2.38021525204548,0.5235602094240838
Johor,Malaysia,41258,104,39594.0,1560.0,1094.899421474444,0.2520723253672015
Jonkoping,Sweden,33356,535,0.0,32821.0,9173.842612328415,1.6039093416476795
Kabardino-Balkarian Republic,Russia,22792,418,21680.0,694.0,2632.3935007876853,1.833976833976834
Kagawa,Japan,836,19,752.0,65.0,87.41596930821134,2.272727272727273
Kagoshima,Japan,1830,28,1771.0,31.0,114.21274651697932,1.530054644808743
Kaliningrad Oblast,Russia,30240,334,27903.0,2003.0,3040.4213155251514,1.1044973544973544
Kalmar,Sweden,15188,222,0.0,14966.0,6187.919134962476,1.4616802739004475
Kalmykia Republic,Russia,19952,315,19094.0,543.0,7244.392966199853,1.5787890938251803
Kaluga Oblast,Russia,32345,281,30156.0,1908.0,3195.969392998016,0.868758695316123
Kamchatka Krai,Russia,14120,201,13212.0,707.0,4474.627404874555,1.4235127478753542
Kanagawa,Japan,48069,785,46334.0,950.0,522.5875132144442,1.63306912979259
Kansas,United States,303648,4892,220087.80098713146,78668.19901286854,11056.227508710284,2.2269795198681956
Karachay-Cherkess Republic,Russia,19680,71,18785.0,824.0,4220.413677743108,0.3607723577235772
Karelia Republic,Russia,43859,388,41342.0,2129.0,7045.803586919503,0.8846530928657744
Karnataka,India,997004,12567,956170.0,28267.0,1475.6725332086412,1.2604763872562197
Kedah,Malaysia,8435,25,8067.0,343.0,385.882245299419,0.2963841138114997
Kelantan,Malaysia,6250,23,5638.0,589.0,330.30335059718846,0.368
Kemerovo Oblast,Russia,33258,612,32372.0,274.0,1234.1194050785991,1.8401587587948764
Kentucky,United States,426666,6076,309840.5662720669,110749.4337279331,9269.627626381502,1.6885411933409034
Kerala,India,1124584,4621,1094404.0,25559.0,3150.1443874068286,0.4109075000177843
Khabarovsk Krai,Russia,50641,346,48230.0,2065.0,3812.461322801592,0.6832408522738492
Khakassia Republic,Russia,21849,504,21082.0,263.0,4064.831920344252,2.3067417273101745
Khanty-Mansi Autonomous Okrug,Russia,54175,782,52662.0,731.0,3535.666340130123,1.443470235348408
Kharkiv Oblast,Ukraine,103804,1962,84783.0,17059.0,3879.6560619345655,1.890100574158992
Kherson Oblast,Ukraine,24258,704,21306.0,2248.0,2337.8050190817626,2.902135378019622
Khmelnytskyi Oblast,Ukraine,63780,1156,50632.0,11992.0,5043.073285865084,1.8124804013797429
Khyber Pakhtunkhwa,Pakistan,88099,2363,76640.0,9096.0,288.6280155622392,2.682209786717216
Kiev,Ukraine,162291,3405,105605.0,53281.0,5499.898332655551,2.0980830729985027
Kiev Oblast,Ukraine,95323,1612,77512.0,16199.0,5391.755376313676,1.691092391133305
Kirov Oblast,Russia,39754,324,36120.0,3310.0,3097.9444187282484,0.8150123258036928
Kirovohrad Oblast,Ukraine,13162,467,9059.0,3636.0,1391.9955496753737,3.5480929949855646
Kochi,Japan,917,19,886.0,12.0,131.3699001044369,2.0719738276990185
Komi Republic,Russia,41616,805,40420.0,391.0,4949.142141560022,1.9343521722414456
Kostroma Oblast,Russia,19657,390,16884.0,2383.0,3055.536557007045,1.9840260467009208
Krasnoyarsk Krai,Russia,66784,3162,61816.0,1806.0,2321.712833352512,4.734666986104457
Kronoberg,Sweden,15331,297,0.0,15034.0,7609.607433401665,1.9372513208531728
Kumamoto,Japan,3506,74,3407.0,25.0,200.6217787358081,2.110667427267541
Kurgan Oblast,Russia,19221,352,17492.0,1377.0,2273.2299118784867,1.8313303158004264
Kursk Oblast,Russia,34014,574,30772.0,2668.0,3049.9346775618096,1.6875404245310754
Kyoto,Japan,9517,169,9079.0,269.0,368.4536753805813,1.7757696753178522
La Guajira,Colombia,17879,665,16841.0,373.0,2030.4124647951303,3.719447396386823
La Rioja,Spain,27895,744,3107.0,24044.0,8895.91193063134,2.6671446495787774
Ladakh,India,10157,130,9771.0,256.0,3703.028557470405,1.2799054839027273
Lakshadweep,India,723,1,680.0,42.0,1122.1654844867994,0.1383125864453665
Lazio,Italy,285447,6644,227752.0,51051.0,4855.298837471564,2.327577448703262
Leningrad Oblast,Russia,39866,932,37316.0,1618.0,2197.90761576698,2.337831736316661
Liaoning,China,407,2,405.0,0.0,0.9555918169127402,0.4914004914004914
Liege,Belgium,112208,0,0.0,112208.0,10110.65056766985,0.0
Liguria,Italy,89324,3879,78350.0,7095.0,5760.460197079916,4.342617885450719
Limburg,Belgium,45446,0,0.0,45446.0,5179.798716618986,0.0
Limburg,Netherlands,82689,1513,0.0,81176.0,7401.443428711575,1.829747608508992
Lipetsk Oblast,Russia,27606,530,24350.0,2726.0,2400.102242999267,1.9198724914873573
Lombardia,Italy,735484,30735,608894.0,95855.0,7310.55703183536,4.178880845810378
Los Lagos,Chile,60819,794,58420.0,1605.0,7339.014465891484,1.3055130797941432
Los Rios,Chile,27478,304,25542.0,1632.0,7140.16583644504,1.106339617148264
Louisiana,United States,444515,10141,319994.9740456568,114379.0259543432,10111.219181949724,2.5436501881557496
Luhansk Oblast,Ukraine,17460,522,14958.0,1980.0,811.4012565101474,2.989690721649485
Luxembourg,Belgium,25194,0,0.0,25194.0,8785.989286909944,0.0
Lviv Oblast,Ukraine,103670,2629,79111.0,21930.0,4110.592259144552,2.535931320536317
Macau,China,48,0,48.0,0.0,7.392098462751524,0.0
Madhya Pradesh,India,295511,3986,274429.0,17096.0,346.1979652635198,1.3488499582079856
Madre de Dios,Peru,11605,194,0.0,11411.0,6677.215189873417,1.6716932356742784
Madrid,Spain,625215,14564,40736.0,569915.0,9413.550761264258,2.3294386730964547
Magadan Oblast,Russia,8255,99,8035.0,121.0,5729.018467496235,1.199273167777105
Magallanes,Chile,23107,345,22476.0,286.0,13875.32801306648,1.4930540528844074
Magdalena,Colombia,43967,1618,40528.0,1821.0,3276.849716712404,3.6800327518366047
Maharashtra,India,2812980,54649,2400727.0,357604.0,2284.2971691818625,1.9427439939139275
Maine,United States,50503,743,36657.23525927399,13102.764740726005,3052.2238165384742,1.6299212814818578
Manipur,India,29400,374,28956.0,70.0,950.9808202694768,1.272108843537415
Manitoba,Canada,34122,935,32006.0,1181.0,2465.881128659852,2.740167633784655
Maranhao,Brazil,242401,6070,220903.0,15428.0,3426.0748947624097,2.50411508203349
Marche,Italy,88370,2621,76382.0,9367.0,5793.7245250188325,2.965938666968428
Mari El Republic,Russia,12542,205,11672.0,665.0,1838.105441184876,1.6345080529421143
Martinique,France,7679,50,98.0,7531.0,2046.287290314844,0.6511264487563485
Maryland,United States,411344,8227,296968.543127266,106148.45687273402,6556.603829688633,2.09649996016303
Massachusetts,United States,596941,17177,427100.99161691574,152663.00838308426,7711.875848339074,3.096627477357349
Mato Grosso,Brazil,310337,7675,284856.0,16148.0,8854.900578740042,2.444368100704595
Mato Grosso do Sul,Brazil,217457,4334,194999.0,16322.0,7758.153513547747,1.9837846362211151
Maule,Chile,54132,989,49997.0,3146.0,5180.343557107995,1.827015443730141
Mayotte,France,19408,161,2964.0,16283.0,7114.030489749389,0.8295548227535037
Mecklenburg-Vorpommern,Germany,30658,867,26910.0,2881.0,1903.3085957434128,2.827973122839063
Meghalaya,India,14065,150,13866.0,49.0,417.7669000299996,1.066477070742979
Melaka,Malaysia,6537,22,6196.0,319.0,700.8684464458025,0.3365458161236041
Melilla,Spain,7861,79,125.0,7657.0,9282.197215695072,1.00496120086503
Meta,Colombia,43742,999,42271.0,472.0,4207.086124944937,2.2838461890174204
Metropolitana,Chile,419769,12868,392112.0,14789.0,5901.593294800028,3.065495546360022
Michigan,United States,716409,16845,515355.348209782,184208.651790218,6633.7886357575335,2.2161191513913043
Mie,Japan,2753,70,2627.0,56.0,154.58632295682702,2.542680711950599
Minas Gerais,Brazil,1123913,24332,1005681.0,93900.0,5309.292344565167,2.164936253962718
Minnesota,United States,518620,6826,377028.79948321695,134765.20051678305,9667.71570269402,1.342750550381182
Mississippi,United States,305146,7032,219614.85193093264,78499.14806906738,10907.781820257385,2.6246540002548713
Missouri,United States,581680,8853,421990.6370953405,150836.36290465947,9396.871330702817,1.511722967415252
Miyagi,Japan,6035,31,4372.0,1632.0,261.66716889997895,0.5136702568351285
Miyazaki,Japan,1962,22,1924.0,16.0,182.80053778017532,1.1213047910295617
Mizoram,India,4476,11,4434.0,31.0,361.1879500727863,0.2457551385165326
Molise,Italy,12270,438,10966.0,866.0,4014.8290180192857,3.569682151589242
Montana,United States,104296,1423,75784.56115006619,27088.43884993381,9681.639777568553,1.7786552051452325
Montserrat,United Kingdom,20,1,19.0,0.0,400.0800160032006,5.0
Mordovia Republic,Russia,19052,203,17039.0,1810.0,2366.5434454249144,1.065504933865211
Moscow,Russia,1026740,16656,944738.0,65346.0,8209.671987326878,1.6222217893527089
Moscow Oblast,Russia,232261,5441,190628.0,36192.0,3095.416268790686,2.3426231696238284
Murcia,Spain,108542,1562,2180.0,104800.0,7296.141666493017,1.439074275395699
Murmansk Oblast,Russia,49068,1080,46965.0,1023.0,6511.518040440205,2.201027146001467
Mykolaiv Oblast,Ukraine,51924,1062,41892.0,8970.0,2058.8250454694867,2.045296972498267
Nagaland,India,12340,92,12136.0,112.0,548.5187992150047,0.7455429497568882
Nagano,Japan,2796,41,2513.0,242.0,136.4707949570234,1.4663805436337625
Nagasaki,Japan,1634,39,1577.0,18.0,123.17907553877652,2.386780905752754
Namur,Belgium,48274,0,0.0,48274.0,9735.958953839205,0.0
Nara,Japan,3691,55,3433.0,203.0,277.4931340936139,1.490111081007857
Narino,Colombia,50335,1693,47843.0,799.0,3086.915672344768,3.363464785934241
Navarra,Spain,54315,1121,3905.0,49289.0,8356.848107381229,2.063886587498849
Nebraska,United States,207492,2169,151257.50633319764,54065.493666802366,9289.088084848196,1.446179316300403
Negeri Sembilan,Malaysia,17269,31,16868.0,370.0,1525.3952831021995,0.1795124211013955
Nenets Autonomous Okrug,Russia,1082,4,1019.0,59.0,2459.258585812669,0.3696857670979667
Nevada,United States,303762,5249,219908.7875593179,78604.21244068211,7121.5181091068725,1.6726781369006896
New Brunswick,Canada,1613,30,1447.0,136.0,204.37771231271185,1.8598884066955983
New Caledonia,France,121,0,58.0,63.0,42.38312241016354,0.0
New Hampshire,United States,83011,1233,60244.2802458382,21533.7197541618,5099.695834949436,1.423532773663823
New Jersey,United States,907761,24561,650636.4586211976,232563.54137880242,9700.874833377842,2.6298124057320655
New Mexico,United States,186031,3841,134215.87001380886,47974.12998619114,8153.829886013633,2.1858081078813716
New South Wales,Australia,5296,54,0.0,5242.0,65.23774328652378,1.0196374622356494
New York,United States,1872965,49790,1343097.9681235303,480077.0318764698,7276.936402908224,1.9365840898523143
Newfoundland and Labrador,Canada,1019,6,1006.0,7.0,195.7533622897188,0.5888125613346418
Niedersachsen,Germany,198107,4880,177600.0,15627.0,2475.279008813856,2.463315279116841
Niigata,Japan,1461,18,1237.0,206.0,65.71886360794312,1.2320328542094456
Ningxia,China,75,0,75.0,0.0,1.041282838242681,0.0
Nizhny Novgorod Oblast,Russia,107452,2847,101555.0,3050.0,3321.8002492926817,2.649555150206604
Noord-Brabant,Netherlands,200581,3003,0.0,197578.0,7826.161598623464,1.4971507769928358
Noord-Holland,Netherlands,220654,2413,0.0,218241.0,7662.85573984894,1.093567304467628
Nordrhein-Westfalen,Germany,612947,14230,551400.0,47317.0,3419.4003314817883,2.3215710330583232
Norrbotten,Sweden,16375,238,0.0,16137.0,6547.5643060781385,1.453435114503817
North Carolina,United States,914132,12112,664500.7907670886,237519.2092329114,8867.377965456064,1.5786213271622926
North Dakota,United States,103091,1466,74865.18354549276,26759.816454507243,12519.49946076013,1.9255894250218508
North Ossetia - Alania Republic,Russia,16339,161,15361.0,817.0,2328.272284881691,0.9853724218128403
Northern Ireland,United Kingdom,117289,2115,0.0,115174.0,6233.471513605442,1.803238155325734
Northern Mariana Islands,United States,159,2,115.6588813445743,41.3411186554257,288.3359930364137,1.2578616352201255
Northern Territory,Australia,108,0,106.0,2.0,43.97394136807818,0.0
Northwest Territories,Canada,47,0,47.0,0.0,103.28762306610408,0.0
Nova Scotia,Canada,1716,66,1627.0,23.0,172.97428065984244,3.8461538461538463
Novgorod Oblast,Russia,28674,121,25749.0,2804.0,4727.969449739149,0.4219850735858269
Novosibirsk Oblast,Russia,38774,1625,35949.0,1200.0,1390.3226743362584,4.190952700263063
Nuble,Chile,21360,403,19910.0,1047.0,4444.361216706304,1.886704119850188
Nunavut,Canada,395,4,391.0,0.0,1002.4617414917644,1.0126582278481011
OHiggins,Chile,38436,890,35429.0,2117.0,4202.699673611756,2.315537516911229
Odessa Oblast,Ukraine,107566,1776,83037.0,22753.0,4518.995020812433,1.651079337337077
Odisha,India,340917,1921,337091.0,1905.0,735.4270076663095,0.5634802605912876
Ohio,United States,1017566,19289,735411.471923679,262865.52807632106,8635.16716660067,2.114253664794835
Oita,Japan,1309,22,1277.0,10.0,115.2863134272886,1.680672268907563
Okayama,Japan,2693,35,2524.0,134.0,142.5179907133097,1.2996658002228
Okinawa,Japan,9482,128,8622.0,732.0,652.5054226352356,1.3499261759122547
Oklahoma,United States,437853,4953,318909.106586409,113990.893413591,11563.807105959084,1.270457477344978
Omsk Oblast,Russia,43776,1316,40523.0,1937.0,2233.377090028422,3.006213450292398
Ontario,Canada,356576,7366,329652.0,19558.0,2405.0273986535794,2.065758772323432
Orebro,Sweden,22112,301,0.0,21811.0,7254.474172011614,1.3612518089725036
Oregon,United States,165012,2383,119805.65741520238,42823.34258479762,4117.017653129603,1.6287263404585512
Orel Oblast,Russia,32432,501,29746.0,2185.0,4340.198087111759,1.5447705969412926
Orenburg Oblast,Russia,40013,733,36637.0,2643.0,2023.1883178609712,1.8319046309949267
Osaka,Japan,52201,1184,47254.0,3763.0,592.5627085636045,2.2681557824562746
Ostergotland,Sweden,28154,576,0.0,27578.0,6048.185265147853,2.045890459614975
Overijssel,Netherlands,85289,1073,0.0,84216.0,7337.281466200277,1.2580754845290718
P.A. Bolzano,Italy,68954,1126,67142.0,686.0,12953.535292813694,1.632972706441976
P.A. Trento,Italy,41231,1282,37086.0,2863.0,7615.372965065809,3.1093109553491307
Pahang,Malaysia,4269,17,3961.0,291.0,254.5465386679387,0.3982197235886625
Pais Vasco,Spain,162872,3944,16160.0,142768.0,7478.465296526898,2.4215334741392014
Para,Brazil,420372,10503,390166.0,16931.0,4853.301777954205,2.497107943753997
Paraiba,Brazil,259173,5744,183369.0,70060.0,6450.094782967288,2.216280245241596
Parana,Brazil,846105,16717,589955.0,239433.0,7399.931624720995,1.9757595097535177
Pennsylvania,United States,1034682,25069,743762.4851652209,265850.514834779,8222.638020201895,2.498811389584929
Penza Oblast,Russia,42019,530,38783.0,2706.0,3155.3968557922285,1.2613341583569335
Perak,Malaysia,12964,44,12563.0,357.0,515.610706757348,0.3394014193150262
Perlis,Malaysia,330,2,320.0,8.0,129.61508248232522,0.6060606060606061
Perm Krai,Russia,51249,1956,45575.0,3718.0,1953.7406190028523,3.816659837265117
Pernambuco,Brazil,349231,12175,293723.0,43333.0,3654.1634984191287,3.4862311764992224
Piaui,Brazil,206631,4141,201169.0,0.0,6263.085328331949,2.00190239262457
Piemonte,Italy,309280,10308,263913.0,35059.0,7099.430126576816,3.332902224521469
Poltava Oblast,Ukraine,55021,1153,46321.0,7547.0,3928.839456770341,2.0955635121135567
Primorsky Krai,Russia,42358,678,38697.0,2983.0,2214.1756798221886,1.6006421455215072
Prince Edward Island,Canada,159,0,145.0,14.0,96.7635925461605,0.0
Pskov Oblast,Russia,34266,244,23527.0,10495.0,5383.114496045848,0.712076110430164
Puducherry,India,41468,682,39712.0,1074.0,2933.6234791750085,1.6446416513938458
Puerto Rico,United States,104132,0,76712.04224314148,27419.95775685853,2784.816551552253,0.0
Puglia,Italy,193012,4812,141343.0,46857.0,4790.505361929962,2.493109236731395
Pulau Pinang,Malaysia,16067,21,14730.0,1316.0,903.8591359135912,0.1307026825169602
Punjab,India,239734,6868,209034.0,23832.0,795.3652277220417,2.8648418664019286
Punjab,Pakistan,223181,6427,189856.0,26898.0,202.86887186814744,2.8797254246553248
Putumayo,Colombia,8204,324,7732.0,148.0,2356.238978465285,3.949293027791321
Qinghai,China,18,0,18.0,0.0,0.3038509563793255,0.0
Quebec,Canada,311776,10667,291906.0,9203.0,3623.408462669802,3.4213666221902903
Queensland,Australia,1477,6,1343.0,128.0,28.87303293910664,0.4062288422477996
Quindio,Colombia,34536,1021,33016.0,499.0,6396.692745376956,2.9563354181144312
Rajasthan,India,333149,2818,321668.0,8663.0,411.1291432029363,0.8458677648739753
Reunion,France,16586,115,14828.0,1643.0,1852.546833045164,0.6933558422766188
Rheinland-Pfalz,Germany,116799,3328,104800.0,8671.0,2849.8744995292054,2.849339463522804
Rhode Island,United States,124929,2596,90120.36899061024,32212.631009389763,9561.029720905231,1.94896182796156
Rio Grande do Norte,Brazil,197809,4548,142776.0,48978.0,5596.499197428578,2.296431792358135
Rio Grande do Sul,Brazil,845380,19736,801198.0,24446.0,7430.44951415717,2.334571435330857
Risaralda,Colombia,48878,1213,46718.0,947.0,5181.041783928574,2.481689103482139
Rivne Oblast,Ukraine,57724,747,50901.0,6076.0,4987.812159498696,1.2940891137135333
Rondonia,Brazil,187270,4143,164607.0,18520.0,10537.21391495168,2.21231377155978
Roraima,Brazil,89853,1346,84118.0,4066.0,14778.930964522311,1.4979056129572743
Rostov Oblast,Russia,80836,3577,72661.0,4598.0,1915.339873549089,4.42500865950814
Ryazan Oblast,Russia,26315,366,24363.0,1586.0,2346.465455284741,1.3908417252517575
Saarland,Germany,31968,940,29590.0,1438.0,3248.81020253234,2.9404404404404403
Sabah,Malaysia,54768,392,53870.0,506.0,1402.6173585678798,0.7157464212678937
Sachsen,Germany,222287,8373,197600.0,16314.0,5479.177537952856,3.766751991794392
Sachsen-Anhalt,Germany,73326,2742,64430.0,6154.0,3362.5229515142955,3.739464855576467
Saga,Japan,1189,13,1160.0,16.0,145.9413215238287,1.0933557611438185
Saint Barthelemy,France,857,1,462.0,394.0,8669.701568032373,0.116686114352392
"Saint Helena, Ascension and Tristan da Cunha",United Kingdom,4,0,4.0,0.0,70.65889418830595,0.0
Saint Petersburg,Russia,394631,12270,347480.0,34881.0,7373.613468773444,3.1092336891931955
Saint Pierre and Miquelon,France,24,0,24.0,0.0,414.1501294219154,0.0
Saitama,Japan,32825,700,30655.0,1470.0,446.6172940828957,2.1325209444021325
Sakha (Yakutiya) Republic,Russia,33565,550,32445.0,570.0,3480.6549625128328,1.6386116490391778
Sakhalin Oblast,Russia,22001,39,21662.0,300.0,4488.342061401809,0.1772646697877369
Samara Oblast,Russia,55731,1098,52443.0,2190.0,1745.1309122177013,1.970178177316036
San Andres y Providencia,Colombia,2758,45,2700.0,13.0,4500.65274151436,1.6316171138506164
Santa Catarina,Brazil,806929,10885,769659.0,26385.0,11262.426745913486,1.3489414806011433
Santander,Colombia,94452,3490,89317.0,1645.0,4323.068494354498,3.6949985177656375
Sao Paulo,Brazil,2469849,74652,2120478.0,274719.0,5378.702420426869,3.022532956468189
Saratov Oblast,Russia,54784,815,49483.0,4486.0,2224.3244889258817,1.4876606308411215
Sarawak,Malaysia,16390,108,13740.0,2542.0,581.5975302508782,0.6589383770591825
Sardegna,Italy,45503,1234,29872.0,14397.0,2775.2652948204764,2.711909104894183
Saskatchewan,Canada,33590,436,31199.0,1955.0,2846.9865507643385,1.2980053587377196
Schleswig-Holstein,Germany,49996,1436,44490.0,4070.0,1717.5591531755915,2.8722297783822706
Scotland,United Kingdom,218432,7602,0.0,210830.0,3998.169604451522,3.480259302666276
Selangor,Malaysia,116080,332,110514.0,5234.0,1774.4080465919687,0.2860096485182632
Sergipe,Brazil,174600,3501,158658.0,12441.0,7595.610728865409,2.0051546391752577
Sevastopol*,Ukraine,13228,562,12210.0,456.0,2984.5829638704818,4.248563652857575
Shaanxi,China,567,3,553.0,11.0,1.4343899778489204,0.5291005291005291
Shandong,China,870,7,862.0,1.0,0.856911085910921,0.8045977011494253
Shanghai,China,1885,7,1833.0,45.0,7.5791401957991456,0.3713527851458886
Shanxi,China,241,0,240.0,1.0,0.690235566801972,0.0
Shiga,Japan,2770,55,2617.0,98.0,195.90605844790065,1.985559566787004
Shimane,Japan,287,0,285.0,2.0,42.55975419146847,0.0
Shizuoka,Japan,5715,118,5346.0,251.0,156.85346729872805,2.064741907261592
Sichuan,China,948,3,927.0,18.0,1.1329566993271314,0.3164556962025316
Sicilia,Italy,175354,4628,150806.0,19920.0,3507.156456010741,2.639232637978033
Sikkim,India,6235,135,6053.0,47.0,903.2945986315124,2.165196471531676
Sindh,Pakistan,265680,4502,256276.0,4902.0,554.8171011219948,1.6945197229750075
Sint Maarten,Netherlands,2147,27,2078.0,42.0,5006.762744274987,1.2575687005123428
Skane,Sweden,124024,1643,0.0,122381.0,9001.420352482568,1.3247435980132878
Smolensk Oblast,Russia,28168,758,26842.0,568.0,2967.0889916026576,2.690996875887532
Sormland,Sweden,17511,420,0.0,17091.0,5885.259124823553,2.3984923762206614
South Australia,Australia,656,4,640.0,12.0,37.346996868773125,0.6097560975609756
South Carolina,United States,551630,9146,399637.53240337607,142846.4675966239,10605.233044904307,2.085908704248884
South Dakota,United States,116167,1851,84214.399234308,30101.600765692005,12901.443398829932,2.084040566408581
St Martin,France,1657,12,1399.0,246.0,4286.194676530691,0.724200362100181
Stavropol Krai,Russia,50442,1227,47472.0,1743.0,1801.0664575741412,2.4324967289163792
Stockholm,Sweden,192075,4003,0.0,188072.0,8080.288387312002,2.0840817389040738
Sucre,Colombia,22914,849,21508.0,557.0,2532.317046889971,3.705158418434145
Sumy Oblast,Ukraine,58193,812,49583.0,7798.0,5381.175456668929,1.3953568298592611
Sverdlovsk Oblast,Russia,82516,2735,75855.0,3926.0,1907.771470636652,3.31450870134277
Tambov Oblast,Russia,29408,409,26886.0,2113.0,2845.33337461492,1.3907780195865072
Tamil Nadu,India,886673,12719,858075.0,15879.0,1139.0783246115457,1.4344634380431118
Tarapaca,Chile,28766,509,27204.0,1053.0,8702.254974921194,1.7694500451922408
Tatarstan Republic,Russia,19420,417,16322.0,2681.0,498.6796032338679,2.147270854788877
Telangana,India,308776,1701,301564.0,5511.0,784.4374216708333,0.5508847837914864
Tennessee,United States,777757,11669,564362.2999458741,201725.7000541259,12214.071782989991,1.8001543978401904
Terengganu,Malaysia,3595,13,3547.0,35.0,287.5769938404928,0.3616133518776078
Ternopil Oblast,Ukraine,54080,762,44874.0,8444.0,5170.770232502995,1.4090236686390532
Texas,United States,2786369,47913,2017367.8826199844,721088.1173800156,10041.085702712116,2.4627832921121255
Thuringen,Germany,95394,3337,82490.0,9567.0,4499.214002962876,3.498123571713106
Tianjin,China,373,3,358.0,12.0,2.690031428654056,0.8042895442359249
Tibet,China,1,0,1.0,0.0,0.027411529289219,0.0
Tocantins,Brazil,141913,2057,121515.0,17428.0,8962.937720060068,1.4413903174321687
Tochigi,Japan,4638,70,4349.0,219.0,239.81509728592184,1.5092712376024149
Tokushima,Japan,535,18,445.0,72.0,73.4913328305702,3.364485981308411
Tokyo,Japan,120986,1770,115690.0,3526.0,869.1109036976184,1.462979187674607
Tolima,Colombia,66546,2150,63596.0,800.0,5002.755251705212,3.2308478345805907
Tomsk Oblast,Russia,31387,356,30294.0,737.0,2910.8394851059093,1.1342275464364229
Toscana,Italy,195374,5348,161919.0,28107.0,5238.413026883821,2.737314074544208
Tottori,Japan,260,2,205.0,53.0,46.79979408090605,0.7692307692307693
Toyama,Japan,938,29,887.0,22.0,89.88962167777349,3.091684434968017
Tripura,India,33517,392,33065.0,60.0,803.8046963471097,1.1695557478294596
Tula Oblast,Russia,36235,1545,33660.0,1030.0,2428.855351223812,4.263833310335311
Turks and Caicos Islands,United Kingdom,2329,17,2268.0,44.0,6015.290045973449,0.7299270072992701
Tver Oblast,Russia,37394,731,35340.0,1323.0,2912.593379563244,1.954859068299728
Tyumen Oblast,Russia,33599,386,31669.0,1544.0,909.9501679124688,1.1488437155867737
Tyva Republic,Russia,15761,197,14907.0,657.0,4898.950025177016,1.2499206903115283
Udmurt Republic,Russia,30672,756,27275.0,2641.0,2027.1717147683744,2.464788732394366
Ulyanovsk Oblast,Russia,50824,969,47488.0,2367.0,4076.950597536695,1.9065795687076967
Umbria,Italy,50908,1256,44846.0,4806.0,5771.783926577213,2.467195725622692
Unknown,Afghanistan,56454,2484,51550.0,2420.0,145.02030795507056,4.400042512488043
Unknown,Albania,125157,2235,91271.0,31651.0,4349.051358676767,1.7857570890960952
Unknown,Algeria,117192,3093,81538.0,32561.0,267.2501997272904,2.639258652467745
Unknown,Andorra,12010,115,11315.0,580.0,15543.907331909662,0.9575353871773522
Unknown,Angola,22311,537,20493.0,1281.0,67.88419056279831,2.406884496436735
Unknown,Antigua and Barbuda,1136,28,820.0,288.0,1160.0359447757537,2.464788732394366
Unknown,Argentina,2348821,55858,2102616.0,190347.0,5196.99218800907,2.378129282733763
Unknown,Armenia,192639,3515,173064.0,16060.0,6500.971573625303,1.8246564818131323
Unknown,Austria,546229,9339,501116.0,35774.0,6064.8982945461,1.7097224790335188
Unknown,Azerbaijan,261713,3567,238125.0,20021.0,2581.206064595985,1.362943376905236
Unknown,Bahamas,9119,188,8597.0,334.0,2318.892912360648,2.061629564645246
Unknown,Bahrain,144445,521,135315.0,8609.0,8488.860079114565,0.3606909204195369
Unknown,Bangladesh,611295,9046,542099.0,60150.0,371.180575738753,1.4798092573961834
Unknown,Barbados,3652,42,3465.0,145.0,1270.8310859481298,1.1500547645125958
Unknown,Belarus,321807,2247,312320.0,7240.0,3405.609778734366,0.6982446000242382
Unknown,Belize,12456,317,12090.0,49.0,3132.6313248042734,2.5449582530507384
Unknown,Benin,7100,90,6452.0,558.0,58.56540493688217,1.267605633802817
Unknown,Bhutan,873,1,869.0,3.0,113.13976454487488,0.1145475372279496
Unknown,Bolivia,272411,12257,221962.0,38192.0,2333.678773521423,4.499451196904677
Unknown,Bosnia and Herzegovina,169626,6599,130492.0,32535.0,5170.239711778933,3.8903234174006345
Unknown,Botswana,39848,568,36958.0,2322.0,1694.4878541434114,1.4254165830154588
Unknown,Brunei,212,3,194.0,15.0,48.4590258364325,1.4150943396226414
Unknown,Bulgaria,342633,13197,259561.0,69875.0,4931.074506598239,3.851643011618846
Unknown,Burkina Faso,12717,146,12385.0,186.0,60.83734809439936,1.1480695132499803
Unknown,Burma,142434,3206,131800.0,7428.0,261.78007584443344,2.250867068256175
Unknown,Burundi,2810,6,773.0,2031.0,23.631753036238745,0.2135231316725978
Unknown,Cabo Verde,17470,168,16277.0,1025.0,3142.15414721181,0.961648540354894
Unknown,Cambodia,2440,11,1191.0,1238.0,14.594199607140894,0.4508196721311475
Unknown,Cameroon,47669,721,35261.0,11687.0,179.57223015984712,1.5125133734712286
Unknown,Central African Republic,5161,67,4957.0,137.0,106.85822330035174,1.2981980236388295
Unknown,Chad,4533,164,4140.0,229.0,27.596730253194064,3.617913081844253
Unknown,Comoros,3696,146,3525.0,25.0,425.02544287858143,3.95021645021645
Unknown,Congo (Brazzaville),9681,135,8208.0,1338.0,175.44107637205033,1.394484040904865
Unknown,Congo (Kinshasa),28142,743,25444.0,1955.0,31.42201745743066,2.640181934475162
Unknown,Costa Rica,216764,2957,192699.0,21108.0,4255.185494474604,1.364156409735934
Unknown,Cote d'Ivoire,43889,244,40254.0,3391.0,166.38313157323594,0.5559479596254187
Unknown,Croatia,271632,5947,254379.0,11306.0,6616.669118800526,2.189359132944572
Unknown,Cuba,75263,424,70614.0,4225.0,664.4791348095495,0.5633578252262068
Unknown,Cyprus,46105,257,2057.0,43791.0,3818.6590423245407,0.5574232729638868
Unknown,Czechia,1532332,26421,1366461.0,139450.0,14308.848404077997,1.7242346958753063
Unknown,Denmark,230603,2419,218985.0,9199.0,3950.566820158867,1.04898895504395
Unknown,Djibouti,8002,70,6460.0,1472.0,809.9173888311967,0.8747813046738315
Unknown,Dominica,161,0,153.0,8.0,223.6390659943604,0.0
Unknown,Dominican Republic,252727,3325,212156.0,37246.0,2329.7311628126504,1.3156489017793904
Unknown,El Salvador,64726,2006,61640.0,1080.0,997.9030868762778,3.0992182430553408
Unknown,Equatorial Guinea,6914,102,6495.0,317.0,492.8064091918303,1.4752675730402085
Unknown,Eritrea,3285,10,3029.0,246.0,92.62843983536104,0.30441400304414
Unknown,Estonia,106424,902,81859.0,23663.0,8022.68157965955,0.8475531834924454
Unknown,Eswatini,17337,667,16528.0,142.0,1494.357694257019,3.8472630789640654
Unknown,Ethiopia,206589,2865,158109.0,45615.0,179.69951406264016,1.3868114952877453
Unknown,Fiji,67,2,64.0,1.0,7.473974949913212,2.985074626865672
Unknown,Finland,77452,844,46000.0,30608.0,1397.869373608258,1.0897071734751846
Unknown,France,4611392,95052,264511.0,4251829.0,7067.284437757191,2.0612431127087008
Unknown,Gabon,19550,118,16609.0,2823.0,878.3642924921644,0.6035805626598465
Unknown,Gambia,5459,165,5070.0,224.0,225.88990443023937,3.022531599193992
Unknown,Georgia,281761,3778,273167.0,4816.0,7063.139621600958,1.3408527085011763
Unknown,Ghana,90583,743,88065.0,1775.0,291.517266869941,0.8202422088029763
Unknown,Greece,263689,8093,93764.0,161832.0,2529.862642971505,3.069145849845841
Unknown,Grenada,155,1,152.0,2.0,137.7545125712102,0.6451612903225806
Unknown,Guatemala,193834,6840,177235.0,9759.0,1081.9305914236486,3.528792678271098
Unknown,Guinea,19908,125,16619.0,3164.0,151.59000462354084,0.6278882861161342
Unknown,Guinea-Bissau,3650,63,2972.0,615.0,185.46766815819936,1.726027397260274
Unknown,Guyana,10249,231,9098.0,920.0,1303.0173197433378,2.2538784271636256
Unknown,Haiti,12758,252,11043.0,1463.0,111.88742010218256,1.97523122746512
Unknown,Holy See,27,0,15.0,12.0,3337.453646477132,0.0
Unknown,Honduras,189043,4605,72732.0,111706.0,1908.636868819039,2.435953724813931
Unknown,Hungary,652433,20737,406935.0,224761.0,6753.720103308886,3.1784106567264376
Unknown,Iceland,6205,29,6058.0,118.0,1818.3150183150185,0.467365028203062
Unknown,Indonesia,1511712,40858,1348330.0,122524.0,552.6806037713284,2.7027634893418853
Unknown,Iran,1885564,62665,1617333.0,205566.0,2244.9073793131192,3.3234088050047625
Unknown,Iraq,850924,14323,759560.0,77041.0,2115.542138190654,1.68322905453366
Unknown,Ireland,235854,4687,23364.0,207803.0,4776.503525054498,1.98724634731656
Unknown,Israel,833105,6209,819665.0,7231.0,9625.106044786802,0.7452842078729572
Unknown,Jamaica,39237,596,17598.0,21043.0,1325.0545985172707,1.5189744373932768
Unknown,Jordan,611577,6858,513144.0,91575.0,5994.00772703305,1.1213632952187542
Unknown,Kazakhstan,297472,5912,268564.0,22996.0,1584.2607545614894,1.9874139414802063
Unknown,Kenya,134058,2153,92679.0,39226.0,249.31143565433604,1.6060212743737785
Unknown,Kiribati,0,0,0.0,0.0,0.0,0.0
Unknown,Kosovo,89181,1866,74186.0,13129.0,4926.130959154116,2.0923739361523195
Unknown,Kuwait,232103,1313,216580.0,14210.0,5434.950848401018,0.5656971258449912
Unknown,Kyrgyzstan,88538,1500,84897.0,2141.0,1357.072470747714,1.6941878063656284
Unknown,Laos,49,0,45.0,4.0,0.6734880468241877,0.0
Unknown,Latvia,102363,1899,93631.0,6833.0,5426.937305760464,1.8551625098912687
Unknown,Lebanon,468400,6234,370687.0,91479.0,6862.559230596348,1.3309137489325362
Unknown,Lesotho,10706,315,4471.0,5920.0,499.7544639939652,2.942275359611433
Unknown,Liberia,2053,85,1899.0,69.0,40.5917578366511,4.140282513395031
Unknown,Libya,158957,2667,147147.0,9143.0,2313.35119607142,1.6778122385299168
Unknown,Liechtenstein,2753,56,2568.0,129.0,7218.711487531793,2.03414456956048
Unknown,Lithuania,216119,3574,199023.0,13522.0,7938.864728274824,1.6537185532044845
Unknown,Luxembourg,61642,746,57092.0,3804.0,9847.342390123584,1.2102138152558322
Unknown,Madagascar,24426,418,21908.0,2100.0,88.20910490870705,1.711291247031851
Unknown,Malawi,33551,1117,30272.0,2162.0,175.38462583942305,3.3292599326398618
Unknown,Maldives,24079,67,21155.0,2857.0,4454.602972571974,0.2782507579218406
Unknown,Mali,10042,385,6830.0,2827.0,49.58808116248447,3.833897629954192
Unknown,Malta,29033,392,27812.0,829.0,6575.410099674094,1.3501877174249992
Unknown,Marshall Islands,4,0,4.0,0.0,6.847790731515245,0.0
Unknown,Mauritania,17847,449,17093.0,305.0,383.83451693242085,2.515828990866813
Unknown,Mauritius,1028,12,643.0,373.0,80.83241662977574,1.1673151750972763
Unknown,Micronesia,1,0,1.0,0.0,0.8786188112287484,0.0
Unknown,Moldova,230241,4960,207852.0,17429.0,5707.56350516849,2.15426444464713
Unknown,Monaco,2288,28,2115.0,145.0,5830.190602385078,1.2237762237762235
Unknown,Mongolia,8841,8,5070.0,3763.0,269.6831154759857,0.0904875014138672
Unknown,Montenegro,91218,1274,83498.0,6446.0,14523.725364693297,1.396654169133285
Unknown,Morocco,496097,8818,483363.0,3916.0,1344.0517480120457,1.7774749696127976
Unknown,Mozambique,67579,775,56409.0,10395.0,216.21519585313723,1.146805960431495
Unknown,Namibia,44139,523,41848.0,1768.0,1737.129444656966,1.1848931783683363
Unknown,Nepal,277309,3030,272786.0,1493.0,951.7480432310912,1.0926439459231398
Unknown,New Zealand,2501,26,2408.0,67.0,51.86393938243963,1.0395841663334666
Unknown,Nicaragua,6677,178,4225.0,2274.0,100.7916910330869,2.665867904747641
Unknown,Niger,5001,186,4590.0,225.0,20.65962407994237,3.719256148770246
Unknown,Nigeria,162891,2057,151648.0,9186.0,79.01975664674248,1.2628076443756868
Unknown,North Macedonia,130022,3781,106979.0,19262.0,6240.9162034770425,2.9079694205595974
Unknown,Norway,96079,673,17998.0,77408.0,1772.2691589860774,0.7004652421444852
Unknown,Oman,159218,1678,143966.0,13574.0,3117.8732242174965,1.0539009408483966
Unknown,Palau,0,0,0.0,0.0,0.0,0.0
Unknown,Panama,355051,6114,343904.0,5033.0,8228.739065460763,1.7220061343299975
Unknown,Papua New Guinea,5991,60,846.0,5085.0,66.9607904391034,1.0015022533800702
Unknown,Paraguay,214667,4206,175614.0,34847.0,3009.6894089474563,1.9593137277737147
Unknown,Philippines,747288,13297,603746.0,130245.0,681.9498091299242,1.7793675263084647
Unknown,Poland,2321717,53045,1861925.0,406747.0,6134.544961166266,2.284731515512011
Unknown,Portugal,821722,16848,778210.0,26664.0,8058.699735120368,2.05032845658264
Unknown,Qatar,179964,291,164121.0,15552.0,6246.450959022027,0.1616990064679602
Unknown,Romania,952803,23538,850672.0,78593.0,4952.795248408826,2.4703952443474675
Unknown,Rwanda,21783,307,20182.0,1294.0,168.17980624000123,1.4093559197539365
Unknown,Saint Kitts and Nevis,44,0,43.0,1.0,82.7192058956234,0.0
Unknown,Saint Lucia,4238,60,4142.0,36.0,2307.914327257677,1.4157621519584709
Unknown,Saint Vincent and the Grenadines,1748,10,1587.0,151.0,1575.5270534579574,0.5720823798627003
Unknown,Samoa,3,0,2.0,1.0,1.5295977158007443,0.0
Unknown,San Marino,4732,84,4128.0,520.0,13943.0726619129,1.7751479289940828
Unknown,Sao Tome and Principe,2223,34,2092.0,97.0,1014.32280378352,1.5294646873594242
Unknown,Saudi Arabia,390007,6669,378083.0,5255.0,1120.263370914814,1.7099693082431853
Unknown,Senegal,38705,1051,37321.0,333.0,231.1583959082485,2.7154114455496705
Unknown,Serbia,600596,5308,0.0,595288.0,6873.876235068447,0.8837887698219768
Unknown,Seychelles,4114,20,3745.0,349.0,4183.4451901566,0.4861448711716091
Unknown,Sierra Leone,3980,79,2812.0,1089.0,49.89353747061077,1.984924623115578
Unknown,Singapore,60381,30,60149.0,202.0,1032.093331963613,0.0496845034033884
Unknown,Slovakia,707876,9719,255300.0,442857.0,12965.6096561625,1.3729805785194018
Unknown,Slovenia,215602,4047,198524.0,13031.0,10370.805779121203,1.877069785994564
Unknown,Solomon Islands,19,0,18.0,1.0,2.9102806429575803,0.0
Unknown,Somalia,11398,529,4819.0,6050.0,71.71611993769167,4.641165116687138
Unknown,South Africa,1548157,52846,1474319.0,20992.0,2610.337540754989,3.413478090400392
Unknown,South Korea,103639,1735,95439.0,6465.0,202.14677499346928,1.674080220766314
Unknown,South Sudan,10165,109,9668.0,388.0,90.80977393681766,1.072306935563207
Unknown,Sri Lanka,92706,568,89251.0,2887.0,432.9375503484992,0.6126895778051044
Unknown,Summer Olympics 2020,0,0,0.0,0.0,0.0,0.0
Unknown,Suriname,9122,177,8598.0,347.0,1554.972947357296,1.9403639552729663
Unknown,Switzerland,601124,10297,317600.0,273227.0,6945.702282873722,1.7129577258602218
Unknown,Taiwan,1030,10,981.0,39.0,4.324682917817379,0.970873786407767
Unknown,Tajikistan,13714,91,13218.0,405.0,143.78816063760834,0.6635554907393904
Unknown,Tanzania,509,21,183.0,305.0,0.852107987092757,4.12573673870334
Unknown,Thailand,28863,94,26873.0,1896.0,41.351015898601,0.325676471607248
Unknown,Timor-Leste,604,0,189.0,415.0,45.81164738380604,0.0
Unknown,Togo,10249,109,7815.0,2325.0,123.7990770814437,1.0635183920382476
Unknown,Tonga,0,0,0.0,0.0,0.0,0.0
Unknown,Trinidad and Tobago,8026,142,7615.0,269.0,573.494220398702,1.769249937702467
Unknown,Tunisia,254018,8812,217293.0,27913.0,2149.303751081556,3.469045500712548
Unknown,Turkey,3317182,31537,3014226.0,271419.0,3933.1499837435954,0.9507166022244182
Unknown,Uganda,40867,335,40449.0,83.0,89.34435189436174,0.8197323023466366
Unknown,United Arab Emirates,461444,1497,445355.0,14592.0,4665.574698697727,0.3244163972226315
Unknown,Uruguay,105549,974,83380.0,21195.0,3038.494389455476,0.9227941524789436
Unknown,Uzbekistan,82869,629,80983.0,1257.0,247.59779880002503,0.75902931132269
Unknown,Vanuatu,3,0,1.0,2.0,1.0250102501025011,0.0
Unknown,Venezuela,160497,1602,147846.0,11049.0,564.4159576490922,0.9981494981214604
Unknown,Vietnam,2603,35,2359.0,209.0,2.6741708372722046,1.3446023818670765
Unknown,West Bank and Gaza,242353,2627,215429.0,24297.0,4750.700589797029,1.0839560475834835
Unknown,Zambia,88418,1208,84592.0,2618.0,480.9519779094337,1.3662376439186592
Unknown,Zimbabwe,36882,1523,34686.0,673.0,248.147622604888,4.12938560815574
Uppsala,Sweden,29210,499,0.0,28711.0,7612.46035448369,1.7083190688120506
Utah,United States,384766,2122,281886.4776637789,100757.5223362211,10984.255886433422,0.6932398628452672
Utrecht,Netherlands,99561,1190,0.0,98371.0,7348.575545048323,1.1952471349223088
Uttar Pradesh,India,617194,8811,598535.0,9848.0,259.4530561225074,1.4275900284189411
Uttarakhand,India,100411,1717,96831.0,1863.0,892.4741561932432,1.709972015018275
Valle d'Aosta,Italy,9298,425,7971.0,902.0,7398.978243916414,4.570875457087546
Valle del Cauca,Colombia,208396,6565,197183.0,4648.0,4655.972024309824,3.150252404076854
Valparaiso,Chile,65910,1881,59803.0,4226.0,3629.601156890625,2.853891670459718
Varmland,Sweden,12335,184,0.0,12151.0,4367.701317923333,1.4916903121199838
Vasterbotten,Sweden,18195,168,0.0,18027.0,6695.837136043807,0.9233305853256388
Vasternorrland,Sweden,17608,428,0.0,17180.0,7176.77411991995,2.430713312130849
Vastmanland,Sweden,20948,332,0.0,20616.0,7594.119886167957,1.5848768378842848
Vastra Gotaland,Sweden,143550,2212,0.0,141338.0,8317.49118276405,1.5409265064437478
Vaupes,Colombia,1161,13,1141.0,7.0,2845.797485109199,1.119724375538329
Veneto,Italy,382838,10625,333516.0,38697.0,7803.697378682692,2.7753253334308505
Vermont,United States,19263,227,14023.45519283641,5012.54480716359,2926.882032873608,0.9454992369340142
Vichada,Colombia,1440,23,1397.0,20.0,1335.7079252003562,1.5972222222222223
Victoria,Australia,20484,820,19664.0,0.0,308.9639361076336,4.003124389767623
Vinnytsia Oblast,Ukraine,57101,1059,35058.0,20984.0,3659.396280682956,1.8546085007267823
Virgin Islands,United States,2907,26,2122.377306711583,758.6226932884169,2710.0346794943507,0.8943928448572411
Virginia,United States,618323,10210,447985.1548477268,160127.8451522732,7692.123742521058,2.0078044300544082
Vladimir Oblast,Russia,29981,997,27038.0,1946.0,2175.1574542365183,3.325439444981822
Volgograd Oblast,Russia,53623,955,51314.0,1354.0,2126.8199118224265,1.7809522033455794
Vologda Oblast,Russia,42714,902,39805.0,2007.0,3630.016087513353,2.111719810834855
Volyn Oblast,Ukraine,46674,768,40552.0,5354.0,4508.12784329634,1.6454557141020696
Voronezh Oblast,Russia,75155,2401,69769.0,2985.0,3220.328670202008,3.194730889495044
W.P. Kuala Lumpur,Malaysia,37819,118,36631.0,1070.0,2126.57444894287,0.31201248049922
W.P. Labuan,Malaysia,2327,12,2282.0,33.0,2341.046277665996,0.5156854318865493
W.P. Putrajaya,Malaysia,1142,8,1102.0,32.0,1083.4914611005693,0.7005253940455342
Wakayama,Japan,1287,18,1151.0,118.0,139.1452137614292,1.3986013986013983
Wales,United Kingdom,209345,5507,0.0,203838.0,6670.012107308991,2.630585874991044
Wallis and Futuna,France,401,4,44.0,353.0,2622.800706390215,0.9975062344139652
Walloon Brabant,Belgium,34071,0,0.0,34071.0,8391.479216489868,0.0
Washington,United States,363006,5243,263557.123353369,94205.87664663099,4875.067542910661,1.3762355308904959
West Bengal,India,586915,10329,570811.0,5775.0,589.2170533509305,1.7598800507739625
West Flanders,Belgium,79930,0,0.0,79930.0,6655.592054590344,0.0
West Virginia,United States,141738,2676,102444.30164037702,36617.698359622984,7663.335568973035,1.8154644888313154
Western Australia,Australia,944,9,918.0,17.0,35.88534934995818,0.9533898305084746
Wisconsin,United States,635356,7275,462695.19652090175,165385.80347909828,10691.859921323237,1.253349229494467
Wyoming,United States,56310,700,40966.81778071196,14643.182219288046,9234.30669675465,1.3878989095496446
Xinjiang,China,980,3,977.0,0.0,3.7907586333077328,0.3061224489795918
Yamagata,Japan,948,17,596.0,335.0,87.96788615396608,1.7932489451476794
Yamaguchi,Japan,1418,43,1349.0,26.0,104.39243309460988,3.0324400564174896
Yamalo-Nenets Autonomous Okrug,Russia,37991,407,36554.0,1030.0,7054.351802163971,1.0713063620331131
Yamanashi,Japan,969,19,938.0,12.0,119.48860357405334,1.96078431372549
Yaroslavl Oblast,Russia,36094,482,34427.0,1185.0,2851.73866462719,1.3354020058735523
Yukon,Canada,74,1,71.0,2.0,172.1490717908156,1.351351351351351
Yunnan,China,247,2,230.0,15.0,0.5232022511168727,0.8097165991902834
Zabaykalsky Krai,Russia,41050,590,39556.0,904.0,3826.414095372322,1.4372716199756397
Zakarpattia Oblast,Ukraine,54045,1306,40720.0,12019.0,4300.200031508543,2.416504764548062
Zaporizhia Oblast,Ukraine,78386,1415,69207.0,7764.0,4595.166241068895,1.8051692904345165
Zeeland,Netherlands,20788,222,0.0,20566.0,5420.769359145527,1.0679238021935733
Zhejiang,China,1323,1,1320.0,2.0,2.049015676410276,0.0755857898715041
Zhytomyr Oblast,Ukraine,71032,1202,51438.0,18392.0,5821.374159661627,1.692195067012051
Zuid-Holland,Netherlands,300189,3994,0.0,296195.0,8094.192675808425,1.330495121406847
